{"cameraMode":{"drawMode":0,"name":"Shaded","section":"Shading Mode"},"sceneLighting":false,"audioPlay":false,"sceneViewState":{"showFog":true,"showMaterialUpdate":false,"showSkybox":false,"showFlares":true,"showImageEffects":true,"showParticleSystems":true},"in2DMode":false,"pivot":{"x":0.00503019243478775,"y":0.01469305157661438,"z":-0.010799326002597809},"rotation":{"x":-0.04966423660516739,"y":-0.9105944633483887,"z":0.393942654132843,"w":-0.1147819459438324},"size":0.4725240468978882,"orthographic":false}