{"cameraMode":{"drawMode":0,"name":"Shaded","section":"Shading Mode"},"sceneLighting":false,"audioPlay":false,"sceneViewState":{"showFog":true,"showMaterialUpdate":false,"showSkybox":false,"showFlares":true,"showImageEffects":true,"showParticleSystems":true},"in2DMode":false,"pivot":{"x":-0.5232462286949158,"y":-3.3926033973693849,"z":-1.1431971788406373},"rotation":{"x":0.026735536754131318,"y":0.36782336235046389,"z":-0.010729819536209107,"w":0.9295164346694946},"size":12.136659622192383,"orthographic":false}