{"cameraMode":{"drawMode":0,"name":"Shaded","section":"Shading Mode"},"sceneLighting":false,"audioPlay":false,"sceneViewState":{"showFog":true,"showMaterialUpdate":false,"showSkybox":false,"showFlares":true,"showImageEffects":true,"showParticleSystems":true},"in2DMode":false,"pivot":{"x":0.14801549911499024,"y":0.7613458633422852,"z":0.6891984939575195},"rotation":{"x":0.22209607064723969,"y":0.7121462225914002,"z":-0.2573406994342804,"w":0.6143893003463745},"size":18.11321449279785,"orthographic":false}