{"cameraMode":{"drawMode":0,"name":"Shaded","section":"Shading Mode"},"sceneLighting":true,"audioPlay":false,"sceneViewState":{"showFog":true,"showMaterialUpdate":false,"showSkybox":false,"showFlares":true,"showImageEffects":true,"showParticleSystems":true},"in2DMode":false,"pivot":{"x":0.2529144287109375,"y":0.0,"z":0.15277957916259767},"rotation":{"x":0.22595664858818055,"y":-0.056651245802640918,"z":0.013153442181646824,"w":0.9724336266517639},"size":0.6420778036117554,"orthographic":false}