{"cameraMode":{"drawMode":0,"name":"Shaded","section":"Shading Mode"},"sceneLighting":false,"audioPlay":false,"sceneViewState":{"showFog":true,"showMaterialUpdate":false,"showSkybox":false,"showFlares":true,"showImageEffects":true,"showParticleSystems":true},"in2DMode":false,"pivot":{"x":10.135493278503418,"y":-1.3320586681365967,"z":10.973264694213868},"rotation":{"x":-0.15395060181617738,"y":0.05539816990494728,"z":-0.008646189235150814,"w":-0.9864951968193054},"size":2.8578836917877199,"orthographic":false}