{"cameraMode":{"drawMode":0,"name":"Shaded","section":"Shading Mode"},"sceneLighting":false,"audioPlay":false,"sceneViewState":{"showFog":true,"showMaterialUpdate":false,"showSkybox":false,"showFlares":true,"showImageEffects":true,"showParticleSystems":true},"in2DMode":false,"pivot":{"x":-0.011870347894728184,"y":-0.04326066002249718,"z":0.012104950845241547},"rotation":{"x":-0.04966423660516739,"y":-0.9105944633483887,"z":0.393942654132843,"w":-0.1147819459438324},"size":0.3452344536781311,"orthographic":false}