{"cameraMode":{"drawMode":0,"name":"Shaded","section":"Shading Mode"},"sceneLighting":false,"audioPlay":false,"sceneViewState":{"showFog":true,"showMaterialUpdate":false,"showSkybox":false,"showFlares":true,"showImageEffects":true,"showParticleSystems":true},"in2DMode":false,"pivot":{"x":0.18394136428833009,"y":-0.13642355799674989,"z":0.26513901352882388},"rotation":{"x":0.37213367223739626,"y":0.00864886399358511,"z":-0.0034504318609833719,"w":0.928170382976532},"size":0.3156335949897766,"orthographic":false}