{"cameraMode":{"drawMode":0,"name":"Shaded","section":"Shading Mode"},"sceneLighting":false,"audioPlay":false,"sceneViewState":{"showFog":true,"showMaterialUpdate":false,"showSkybox":false,"showFlares":true,"showImageEffects":true,"showParticleSystems":true},"in2DMode":false,"pivot":{"x":-0.2589431405067444,"y":-0.03377938270568848,"z":1.3121906518936158},"rotation":{"x":-0.45178449153900149,"y":0.5105383396148682,"z":-0.3631760776042938,"w":-0.6350993514060974},"size":3.7416584491729738,"orthographic":false}