{"cameraMode":{"drawMode":0,"name":"Shaded","section":"Shading Mode"},"sceneLighting":true,"audioPlay":false,"sceneViewState":{"showFog":true,"showMaterialUpdate":false,"showSkybox":false,"showFlares":true,"showImageEffects":true,"showParticleSystems":true},"in2DMode":false,"pivot":{"x":0.011952988803386689,"y":-0.0008772313594818115,"z":0.010668307542800904},"rotation":{"x":0.17757417261600495,"y":0.8196437954902649,"z":-0.42080143094062807,"w":0.3458603620529175},"size":0.45826947689056399,"orthographic":false}