{"cameraMode":{"drawMode":0,"name":"Shaded","section":"Shading Mode"},"sceneLighting":false,"audioPlay":false,"sceneViewState":{"showFog":true,"showMaterialUpdate":false,"showSkybox":false,"showFlares":true,"showImageEffects":true,"showParticleSystems":true},"in2DMode":false,"pivot":{"x":-0.008961146697402,"y":-2.974205493927002,"z":-4.0165791511535648},"rotation":{"x":-0.04966423660516739,"y":-0.9105944633483887,"z":0.393942654132843,"w":-0.1147819459438324},"size":0.3771730363368988,"orthographic":false}