{"cameraMode":{"drawMode":0,"name":"Shaded","section":"Shading Mode"},"sceneLighting":false,"audioPlay":false,"sceneViewState":{"showFog":true,"showMaterialUpdate":false,"showSkybox":false,"showFlares":true,"showImageEffects":true,"showParticleSystems":true},"in2DMode":false,"pivot":{"x":0.037038639187812808,"y":-2.983973979949951,"z":-4.001327037811279},"rotation":{"x":-0.11766419559717179,"y":0.8812177777290344,"z":-0.29919278621673586,"w":-0.3465650975704193},"size":0.19940945506095887,"orthographic":false}