{"cameraMode":{"drawMode":0,"name":"Shaded","section":"Shading Mode"},"sceneLighting":true,"audioPlay":false,"sceneViewState":{"showFog":true,"showMaterialUpdate":false,"showSkybox":true,"showFlares":true,"showImageEffects":true,"showParticleSystems":true},"in2DMode":false,"pivot":{"x":-0.20676051080226899,"y":0.3040771782398224,"z":0.3541610538959503},"rotation":{"x":-0.23441946506500245,"y":0.07340919226408005,"z":-0.017759118229150773,"w":-0.9692099094390869},"size":0.3844910264015198,"orthographic":false}