{"cameraMode":{"drawMode":0,"name":"Shaded","section":"Shading Mode"},"sceneLighting":false,"audioPlay":false,"sceneViewState":{"showFog":true,"showMaterialUpdate":false,"showSkybox":false,"showFlares":true,"showImageEffects":true,"showParticleSystems":true},"in2DMode":false,"pivot":{"x":-0.263359010219574,"y":0.5887569189071655,"z":0.4080333709716797},"rotation":{"x":0.13019439578056336,"y":0.15991108119487763,"z":0.021173760294914247,"w":-0.9783415198326111},"size":0.0868239477276802,"orthographic":false}