{"cameraMode":{"drawMode":0,"name":"Shaded","section":"Shading Mode"},"sceneLighting":false,"audioPlay":false,"sceneViewState":{"showFog":true,"showMaterialUpdate":false,"showSkybox":false,"showFlares":true,"showImageEffects":true,"showParticleSystems":true},"in2DMode":false,"pivot":{"x":0.9381020665168762,"y":-0.12306630611419678,"z":1.28158700466156},"rotation":{"x":-0.15212221443653108,"y":0.1614103466272354,"z":-0.02519107051193714,"w":-0.9747730493545532},"size":5.241659164428711,"orthographic":false}